Index,Pathway_Selection,Layer,Batch_size,Drop-Out,Learning_Rate,Early_stopping_patient,Train_Accuracy,Train_Sensitivity,Train_Specificity,Train_AUC,Test_Accuracy,Test_Sensitivity,Test_Specificity,Test_AUC
1,c2_reactome,"[500, 500, 200, 300, 200, 100]",290,0.5,0.001,10,0.5181818181818182,1.0,0.0,0.9288315127441245,0.4888888888888889,1.0,0.02127659574468085,0.9421078673923801
1,c2_reactome,"[497, 497, 199, 298, 199, 99]",290,0.5,0.001,10,0.5181818181818182,1.0,0.0,0.7951009599470373,0.4777777777777778,1.0,0.0,0.7664522513607125
1,c2_reactome,"[495, 495, 198, 297, 198, 99]",290,0.5,0.001,10,0.5181818181818182,1.0,0.0,0.6163522012578615,0.4777777777777778,1.0,0.0,0.7080653142008907
1,c2_reactome,"[492, 492, 197, 295, 197, 98]",290,0.5,0.001,10,0.4727272727272727,0.15789473684210525,0.8113207547169812,0.44753392916252893,0.5555555555555556,0.13953488372093023,0.9361702127659575,0.4111825828797625
